Algorithm,Final_Objective,Final_Obj_NoNoise,Final_Obj_WithNoise,Final_Gap,Standard_Gap,Best_Gap,Initial_Grad_Norm,Total_Iterations,Total_Time,Converged,Config
F2CSA,0.20477265119552612,0.4053258001804352,0.16933947801589966,1.2622112035751343,1.2622112035751343,1.0765541791915894,2.830305337905884,150,113.41434741020203,False,Optimized: α=0.25 (stable range)
SSIGD,227898464.0,227898464.0,227898464.0,30190.763671875,30190.763671875,32.71705627441406,216.35011291503906,150,87.6337378025055,False,Optimized: β₀=0.05 (compensates for large gradients)
DS-BLO,2.057990789413452,1.6757678985595703,1.7231887578964233,2.581697702407837,2.581697702407837,1.1783323287963867,2.8330769538879395,150,51.44953656196594,False,Optimized: σ=0.002 (reduced noise for large scale)
