Algorithm,Description,Initial_Objective,Final_Objective,Objective_Improvement,Initial_Gap,Final_Gap,Gap_Improvement,Best_Gap,Final_X_Norm,Total_Iterations,Total_Time,Converged,Obj_Monotonic_Score,Gap_Monotonic_Score,Status
F2CSA,Paper-compliant penalty-based hypergradient,0.49758103489875793,0.2662818133831024,0.23129922151565552,1.4046709537506104,1.1014690399169922,0.30320191383361816,0.8552229404449463,0.6756686568260193,100,57.47525668144226,False,50.505050505050505,46.464646464646464,Success
SSIGD,Fixed: stable implicit gradient + β_r = 1/(μ_F(r+1)),0.49758103489875793,0.5176069736480713,-0.020025938749313354,1.4046709537506104,1.2739964723587036,0.13067448139190674,1.2739964723587036,0.4989681839942932,100,47.398046255111694,False,50.505050505050505,100.0,Success
DS-BLO,"Paper-compliant: η_t=1/(γ₁||m_t||+γ₂), fresh q_t",0.49758103489875793,-0.028842289000749588,0.5264233238995075,1.4046709537506104,0.029908135533332825,1.3747628182172775,0.029908135533332825,0.3983277678489685,19,5.567884683609009,True,61.111111111111114,66.66666666666666,Success
